,device,bat_capacity,current_cost,battery_cost
0,DD04108401266,2,-1494.3057395569824,-81.46813529591542
1,DD04108401266,4,-1494.3057395569824,63.30580342112283
2,DD04108401266,6,-1494.3057395569824,135.31118434832996
3,DD04108401266,8,-1494.3057395569824,168.1594028183256
4,DD04108401266,10,-1494.3057395569824,182.6933107703687
5,DD04108401266,12,-1494.3057395569824,191.50239284070315
6,DD04108401266,14,-1494.3057395569824,197.89000130977158
7,DD04108401266,16,-1494.3057395569824,202.38316405824676
8,DD04108401266,18,-1494.3057395569824,205.89375724297582
9,DD04108401266,20,-1494.3057395569824,208.59647325767662
0,DD04108624381,2,-2681.8123681880706,-259.33661585613265
1,DD04108624381,4,-2681.8123681880706,-121.71114820144412
2,DD04108624381,6,-2681.8123681880706,-34.443646717725116
3,DD04108624381,8,-2681.8123681880706,17.2328390739848
4,DD04108624381,10,-2681.8123681880706,50.731784139464665
5,DD04108624381,12,-2681.8123681880706,72.5225415534368
6,DD04108624381,14,-2681.8123681880706,90.9134247799956
7,DD04108624381,16,-2681.8123681880706,104.85899346873339
8,DD04108624381,18,-2681.8123681880706,116.10081339773146
9,DD04108624381,20,-2681.8123681880706,125.98816228422208
0,DD04108624683,2,-2142.328995217,-634.0885833021265
1,DD04108624683,4,-2142.328995217,-434.56819797931695
2,DD04108624683,6,-2142.328995217,-307.79885494064024
3,DD04108624683,8,-2142.328995217,-219.83378482168436
4,DD04108624683,10,-2142.328995217,-154.52361792871466
5,DD04108624683,12,-2142.328995217,-109.1402942520354
6,DD04108624683,14,-2142.328995217,-74.73378613153896
7,DD04108624683,16,-2142.328995217,-49.68881524102525
8,DD04108624683,18,-2142.328995217,-31.642378627603254
9,DD04108624683,20,-2142.328995217,-20.370608855552053
0,DD04108625556,2,-1282.509021825041,-2509.368964803218
1,DD04108625556,4,-1282.509021825041,-2306.4876389579363
2,DD04108625556,6,-1282.509021825041,-2151.451167109441
3,DD04108625556,8,-1282.509021825041,-2034.563444200335
4,DD04108625556,10,-1282.509021825041,-1956.1894925810288
5,DD04108625556,12,-1282.509021825041,-1902.9536116277109
6,DD04108625556,14,-1282.509021825041,-1867.2278930994883
7,DD04108625556,16,-1282.509021825041,-1845.066292921592
8,DD04108625556,18,-1282.509021825041,-1829.2682763854316
9,DD04108625556,20,-1282.509021825041,-1817.442557835292
0,DD04108627065,2,-3846.660170851081,-829.6885623061552
1,DD04108627065,4,-3846.660170851081,-571.8046523237152
2,DD04108627065,6,-3846.660170851081,-378.5355797321645
3,DD04108627065,8,-3846.660170851081,-242.76673020490034
4,DD04108627065,10,-3846.660170851081,-151.09604778116787
5,DD04108627065,12,-3846.660170851081,-89.64549006092193
6,DD04108627065,14,-3846.660170851081,-47.0647433804106
7,DD04108627065,16,-3846.660170851081,-17.443458603757982
8,DD04108627065,18,-3846.660170851081,4.257856389129938
9,DD04108627065,20,-3846.660170851081,21.214300076713773
0,DD04108627645,2,-2535.3543488719974,-1042.0323194321168
1,DD04108627645,4,-2535.3543488719974,-898.2375889188029
2,DD04108627645,6,-2535.3543488719974,-801.297927955761
3,DD04108627645,8,-2535.3543488719974,-726.7641817374018
4,DD04108627645,10,-2535.3543488719974,-669.5857422769112
5,DD04108627645,12,-2535.3543488719974,-628.9589521176248
6,DD04108627645,14,-2535.3543488719974,-603.6775098962949
7,DD04108627645,16,-2535.3543488719974,-587.3411860421845
8,DD04108627645,18,-2535.3543488719974,-575.4107437497493
9,DD04108627645,20,-2535.3543488719974,-566.7733308669506
0,DD04108746744,2,-510.522216773004,-158.2460959836497
1,DD04108746744,4,-510.522216773004,-127.49183787887476
2,DD04108746744,6,-510.522216773004,-116.85192339583982
3,DD04108746744,8,-510.522216773004,-112.2420494044709
4,DD04108746744,10,-510.522216773004,-110.31853677734757
5,DD04108746744,12,-510.522216773004,-108.67915574243241
6,DD04108746744,14,-510.522216773004,-107.8640204911409
7,DD04108746744,16,-510.522216773004,-107.05004402195313
8,DD04108746744,18,-510.522216773004,-106.3715861286911
9,DD04108746744,20,-510.522216773004,-105.48182315541766
0,DD04108747038,2,-1368.6037595309774,-1137.4455559468192
1,DD04108747038,4,-1368.6037595309774,-1006.6148189130761
2,DD04108747038,6,-1368.6037595309774,-921.3363281678334
3,DD04108747038,8,-1368.6037595309774,-848.0243270852989
4,DD04108747038,10,-1368.6037595309774,-788.0655456974133
5,DD04108747038,12,-1368.6037595309774,-739.483271688409
6,DD04108747038,14,-1368.6037595309774,-703.4271287364173
7,DD04108747038,16,-1368.6037595309774,-681.6123102014724
8,DD04108747038,18,-1368.6037595309774,-668.8043285181906
9,DD04108747038,20,-1368.6037595309774,-661.3643924656916
0,DD14108624198,2,-2693.161557721002,-2635.4372073238596
1,DD14108624198,4,-2693.161557721002,-2466.151536117295
2,DD14108624198,6,-2693.161557721002,-2321.4036205471366
3,DD14108624198,8,-2693.161557721002,-2197.424360863444
4,DD14108624198,10,-2693.161557721002,-2095.5412192407866
5,DD14108624198,12,-2693.161557721002,-2013.100021207192
6,DD14108624198,14,-2693.161557721002,-1949.2652166506061
7,DD14108624198,16,-2693.161557721002,-1900.0817740121686
8,DD14108624198,18,-2693.161557721002,-1864.1831360902156
9,DD14108624198,20,-2693.161557721002,-1835.8869491100738
0,DD14108624638,2,-2489.483337362955,299.8951223812751
1,DD14108624638,4,-2489.483337362955,327.3234174381225
2,DD14108624638,6,-2489.483337362955,332.05111797912326
3,DD14108624638,8,-2489.483337362955,332.8888312617724
4,DD14108624638,10,-2489.483337362955,333.2347279476328
5,DD14108624638,12,-2489.483337362955,333.58053246237165
6,DD14108624638,14,-2489.483337362955,333.64317207495577
7,DD14108624638,16,-2489.483337362955,333.6430403133868
8,DD14108624638,18,-2489.483337362955,333.64293490413144
9,DD14108624638,20,-2489.483337362955,333.64284267103324
0,DD14108625517,2,-689.665951629999,-495.47857205108454
1,DD14108625517,4,-689.665951629999,-415.9701784401242
2,DD14108625517,6,-689.665951629999,-383.22750570099544
3,DD14108625517,8,-689.665951629999,-370.6666248609449
4,DD14108625517,10,-689.665951629999,-363.5780988734568
5,DD14108625517,12,-689.665951629999,-359.57828849852444
6,DD14108625517,14,-689.665951629999,-356.42017714354307
7,DD14108625517,16,-689.665951629999,-353.7385877906714
8,DD14108625517,18,-689.665951629999,-351.8394661023518
9,DD14108625517,20,-689.665951629999,-350.0330824640803
0,DD14108626161,2,-1951.0553503510175,-941.3208391293585
1,DD14108626161,4,-1951.0553503510175,-754.9930007451967
2,DD14108626161,6,-1951.0553503510175,-615.9815208927433
3,DD14108626161,8,-1951.0553503510175,-520.7568423976537
4,DD14108626161,10,-1951.0553503510175,-453.3621827023843
5,DD14108626161,12,-1951.0553503510175,-406.4755892402005
6,DD14108626161,14,-1951.0553503510175,-374.4089440387745
7,DD14108626161,16,-1951.0553503510175,-352.89884581028815
8,DD14108626161,18,-1951.0553503510175,-338.055955152415
9,DD14108626161,20,-1951.0553503510175,-328.4449762183657
0,DD14108747277,2,-1112.6608572039875,-483.6752804376288
1,DD14108747277,4,-1112.6608572039875,-324.16620519653554
2,DD14108747277,6,-1112.6608572039875,-224.95408071881377
3,DD14108747277,8,-1112.6608572039875,-166.4504561636634
4,DD14108747277,10,-1112.6608572039875,-133.40772508611374
5,DD14108747277,12,-1112.6608572039875,-114.15346629920623
6,DD14108747277,14,-1112.6608572039875,-102.59503793557914
7,DD14108747277,16,-1112.6608572039875,-95.34321750850648
8,DD14108747277,18,-1112.6608572039875,-89.95101544756818
9,DD14108747277,20,-1112.6608572039875,-86.63135208347279
0,DD24108396973,2,-2805.0152387165376,371.71511855803897
1,DD24108396973,4,-2805.0152387165376,417.20095121491016
2,DD24108396973,6,-2805.0152387165376,434.0971935535715
3,DD24108396973,8,-2805.0152387165376,442.9339950606477
4,DD24108396973,10,-2805.0152387165376,448.1303796542617
5,DD24108396973,12,-2805.0152387165376,452.25858973401597
6,DD24108396973,14,-2805.0152387165376,455.0314245990238
7,DD24108396973,16,-2805.0152387165376,457.1514620128236
8,DD24108396973,18,-2805.0152387165376,458.861694429836
9,DD24108396973,20,-2805.0152387165376,460.4217200547712
0,DD24108397380,2,-4118.866848107985,-119.0689550743898
1,DD24108397380,4,-4118.866848107985,177.93161100960984
2,DD24108397380,6,-4118.866848107985,322.8436660087843
3,DD24108397380,8,-4118.866848107985,379.5100703206012
4,DD24108397380,10,-4118.866848107985,407.4003438344752
5,DD24108397380,12,-4118.866848107985,425.5494881168056
6,DD24108397380,14,-4118.866848107985,440.420509934682
7,DD24108397380,16,-4118.866848107985,447.103844209503
8,DD24108397380,18,-4118.866848107985,451.13848394245576
9,DD24108397380,20,-4118.866848107985,453.2000975301042
0,DD24108411689,2,-1375.889237157002,-216.86454115964713
1,DD24108411689,4,-1375.889237157002,-86.20774169901766
2,DD24108411689,6,-1375.889237157002,-18.31865011703775
3,DD24108411689,8,-1375.889237157002,18.255643252059002
4,DD24108411689,10,-1375.889237157002,40.911899845480214
5,DD24108411689,12,-1375.889237157002,54.129209722258224
6,DD24108411689,14,-1375.889237157002,64.0456254285672
7,DD24108411689,16,-1375.889237157002,71.65290204409922
8,DD24108411689,18,-1375.889237157002,78.03027311806481
9,DD24108411689,20,-1375.889237157002,83.72430288371038
0,DD24108625051,2,-2396.1940578939443,-346.377179124773
1,DD24108625051,4,-2396.1940578939443,-186.38721824298378
2,DD24108625051,6,-2396.1940578939443,-91.914784762078
3,DD24108625051,8,-2396.1940578939443,-28.73309709387714
4,DD24108625051,10,-2396.1940578939443,13.154909876886807
5,DD24108625051,12,-2396.1940578939443,41.36469533089375
6,DD24108625051,14,-2396.1940578939443,58.60397430331935
7,DD24108625051,16,-2396.1940578939443,71.41715082414922
8,DD24108625051,18,-2396.1940578939443,81.35505376875099
9,DD24108625051,20,-2396.1940578939443,89.50396225306888
0,DD24108626539,2,-772.950149997001,-1086.7476698608978
1,DD24108626539,4,-772.950149997001,-984.5243064842738
2,DD24108626539,6,-772.950149997001,-912.6511212127532
3,DD24108626539,8,-772.950149997001,-871.3951503895235
4,DD24108626539,10,-772.950149997001,-850.2769785925899
5,DD24108626539,12,-772.950149997001,-837.6554230823233
6,DD24108626539,14,-772.950149997001,-828.8558572606626
7,DD24108626539,16,-772.950149997001,-821.2387082719782
8,DD24108626539,18,-772.950149997001,-815.9364092571041
9,DD24108626539,20,-772.950149997001,-811.5036198040228
0,DD24108628289,2,-1521.231764334994,-375.9996573319609
1,DD24108628289,4,-1521.231764334994,-247.30526880978647
2,DD24108628289,6,-1521.231764334994,-179.72464724020116
3,DD24108628289,8,-1521.231764334994,-137.7031765685412
4,DD24108628289,10,-1521.231764334994,-105.93196967054855
5,DD24108628289,12,-1521.231764334994,-81.75677850582845
6,DD24108628289,14,-1521.231764334994,-65.38713117993396
7,DD24108628289,16,-1521.231764334994,-54.94620232051606
8,DD24108628289,18,-1521.231764334994,-48.159682747088844
9,DD24108628289,20,-1521.231764334994,-43.57908950722223
0,DD24108747257,2,-1100.0142265319917,-1417.040008994929
1,DD24108747257,4,-1100.0142265319917,-1254.385882251639
2,DD24108747257,6,-1100.0142265319917,-1133.1434493986528
3,DD24108747257,8,-1100.0142265319917,-1058.6951177747308
4,DD24108747257,10,-1100.0142265319917,-1016.4018217278112
5,DD24108747257,12,-1100.0142265319917,-989.2172272864731
6,DD24108747257,14,-1100.0142265319917,-970.8223784089172
7,DD24108747257,16,-1100.0142265319917,-957.8955963605126
8,DD24108747257,18,-1100.0142265319917,-949.4512556331002
9,DD24108747257,20,-1100.0142265319917,-943.1070692867503
0,DD24108747526,2,-518.619943743009,-980.7341393215656
1,DD24108747526,4,-518.619943743009,-851.3087018209266
2,DD24108747526,6,-518.619943743009,-803.9602676128633
3,DD24108747526,8,-518.619943743009,-780.2973640264103
4,DD24108747526,10,-518.619943743009,-766.1215633903711
5,DD24108747526,12,-518.619943743009,-758.4849683570826
6,DD24108747526,14,-518.619943743009,-752.8888847321062
7,DD24108747526,16,-518.619943743009,-748.972878765992
8,DD24108747526,18,-518.619943743009,-747.0416631445686
9,DD24108747526,20,-518.619943743009,-745.1878170145367
0,DD34108397148,2,-1436.96489696399,-16.096997391184757
1,DD34108397148,4,-1436.96489696399,97.87735448390247
2,DD34108397148,6,-1436.96489696399,158.8469303580012
3,DD34108397148,8,-1436.96489696399,181.58524552939787
4,DD34108397148,10,-1436.96489696399,189.38774645325745
5,DD34108397148,12,-1436.96489696399,192.88544211596573
6,DD34108397148,14,-1436.96489696399,194.90647191692713
7,DD34108397148,16,-1436.96489696399,196.35017331533587
8,DD34108397148,18,-1436.96489696399,197.74004195852876
9,DD34108397148,20,-1436.96489696399,198.46349604893786
0,DD34108399074,2,-2116.353862140109,-999.0950465336542
1,DD34108399074,4,-2116.353862140109,-836.1864808164431
2,DD34108399074,6,-2116.353862140109,-736.6494446164716
3,DD34108399074,8,-2116.353862140109,-675.1714577625036
4,DD34108399074,10,-2116.353862140109,-640.7183551202494
5,DD34108399074,12,-2116.353862140109,-623.335980730259
6,DD34108399074,14,-2116.353862140109,-611.1721676151526
7,DD34108399074,16,-2116.353862140109,-604.1123621267808
8,DD34108399074,18,-2116.353862140109,-599.184811078753
9,DD34108399074,20,-2116.353862140109,-595.2940073535077
0,DD34108624640,2,-1467.1788567069975,-231.1710353142556
1,DD34108624640,4,-1467.1788567069975,-167.4754426293946
2,DD34108624640,6,-1467.1788567069975,-129.2704900791825
3,DD34108624640,8,-1467.1788567069975,-102.83732442075717
4,DD34108624640,10,-1467.1788567069975,-81.43022399489499
5,DD34108624640,12,-1467.1788567069975,-62.85585187339839
6,DD34108624640,14,-1467.1788567069975,-47.35316449809009
7,DD34108624640,16,-1467.1788567069975,-32.3029702082949
8,DD34108624640,18,-1467.1788567069975,-18.095692381534374
9,DD34108624640,20,-1467.1788567069975,-7.627150328490774
0,DD34108625629,2,-1483.556763810994,-1112.6157277654734
1,DD34108625629,4,-1483.556763810994,-983.3512543176586
2,DD34108625629,6,-1483.556763810994,-908.2085984284795
3,DD34108625629,8,-1483.556763810994,-857.493124212969
4,DD34108625629,10,-1483.556763810994,-823.2599410918353
5,DD34108625629,12,-1483.556763810994,-800.8529258506666
6,DD34108625629,14,-1483.556763810994,-784.8533898633763
7,DD34108625629,16,-1483.556763810994,-772.9713852365759
8,DD34108625629,18,-1483.556763810994,-762.2640195721733
9,DD34108625629,20,-1483.556763810994,-752.6590660179647
0,DD34108625630,2,-1479.841366809006,-246.00564517179566
1,DD34108625630,4,-1479.841366809006,-127.30387532733008
2,DD34108625630,6,-1479.841366809006,-61.09596332369216
3,DD34108625630,8,-1479.841366809006,-25.89258078781986
4,DD34108625630,10,-1479.841366809006,-7.362584928116017
5,DD34108625630,12,-1479.841366809006,3.4891137093834192
6,DD34108625630,14,-1479.841366809006,11.240079087843483
7,DD34108625630,16,-1479.841366809006,15.69405964981365
8,DD34108625630,18,-1479.841366809006,18.44823178750848
9,DD34108625630,20,-1479.841366809006,20.962570291712634
0,DD34108626977,2,-1943.4822492329954,-2002.6542782214246
1,DD34108626977,4,-1943.4822492329954,-1796.511642349375
2,DD34108626977,6,-1943.4822492329954,-1649.7986793823052
3,DD34108626977,8,-1943.4822492329954,-1535.2803263661388
4,DD34108626977,10,-1943.4822492329954,-1442.3767519435942
5,DD34108626977,12,-1943.4822492329954,-1364.0425233291337
6,DD34108626977,14,-1943.4822492329954,-1299.4917499836486
7,DD34108626977,16,-1943.4822492329954,-1246.0553205643741
8,DD34108626977,18,-1943.4822492329954,-1202.0862217737824
9,DD34108626977,20,-1943.4822492329954,-1168.0938071972664
0,DD34108627045,2,-2899.713622453063,-428.8217247710802
1,DD34108627045,4,-2899.713622453063,-216.72234403009665
2,DD34108627045,6,-2899.713622453063,-76.2103437117744
3,DD34108627045,8,-2899.713622453063,13.173482206463165
4,DD34108627045,10,-2899.713622453063,67.71474799603003
5,DD34108627045,12,-2899.713622453063,99.58443616141504
6,DD34108627045,14,-2899.713622453063,118.74225786382418
7,DD34108627045,16,-2899.713622453063,130.90319930523853
8,DD34108627045,18,-2899.713622453063,139.1702579965606
9,DD34108627045,20,-2899.713622453063,146.23854780182867
0,DD34108628335,2,-1557.8307133230123,356.7198557710071
1,DD34108628335,4,-1557.8307133230123,364.99627770949206
2,DD34108628335,6,-1557.8307133230123,366.2557394922188
3,DD34108628335,8,-1557.8307133230123,366.47511512624504
4,DD34108628335,10,-1557.8307133230123,366.85330311628746
5,DD34108628335,12,-1557.8307133230123,367.1239848246941
6,DD34108628335,14,-1557.8307133230123,367.4701466832009
7,DD34108628335,16,-1557.8307133230123,367.7768718256622
8,DD34108628335,18,-1557.8307133230123,367.896012480862
9,DD34108628335,20,-1557.8307133230123,367.8959850744556
0,DD34108744929,2,-2347.2916447300067,-2111.7025803023275
1,DD34108744929,4,-2347.2916447300067,-1880.0912049133785
2,DD34108744929,6,-2347.2916447300067,-1720.880644637887
3,DD34108744929,8,-2347.2916447300067,-1604.7210633447773
4,DD34108744929,10,-2347.2916447300067,-1525.6984520138824
5,DD34108744929,12,-2347.2916447300067,-1476.563220567013
6,DD34108744929,14,-2347.2916447300067,-1443.2724894171338
7,DD34108744929,16,-2347.2916447300067,-1420.0375487134042
8,DD34108744929,18,-2347.2916447300067,-1402.630656812879
9,DD34108744929,20,-2347.2916447300067,-1388.413454971333
0,DD34108747528,2,-1478.0188069639864,-238.71454453630804
1,DD34108747528,4,-1478.0188069639864,-198.66783387709327
2,DD34108747528,6,-1478.0188069639864,-172.6843362873479
3,DD34108747528,8,-1478.0188069639864,-153.3454516496369
4,DD34108747528,10,-1478.0188069639864,-137.14414136513915
5,DD34108747528,12,-1478.0188069639864,-123.44247325806073
6,DD34108747528,14,-1478.0188069639864,-111.85932072666199
7,DD34108747528,16,-1478.0188069639864,-101.36736120555834
8,DD34108747528,18,-1478.0188069639864,-90.80704094675404
9,DD34108747528,20,-1478.0188069639864,-81.22233117541968
0,DD34108848768,2,-1931.3231793220057,122.07874041095585
1,DD34108848768,4,-1931.3231793220057,179.20401637404353
2,DD34108848768,6,-1931.3231793220057,191.08058277207545
3,DD34108848768,8,-1931.3231793220057,195.04516369280844
4,DD34108848768,10,-1931.3231793220057,197.66359102194252
5,DD34108848768,12,-1931.3231793220057,199.30064733202656
6,DD34108848768,14,-1931.3231793220057,201.49666942626374
7,DD34108848768,16,-1931.3231793220057,203.27652709607335
8,DD34108848768,18,-1931.3231793220057,203.83238555325306
9,DD34108848768,20,-1931.3231793220057,204.51757621579557
0,DD44108397240,2,-1255.8610718300004,-418.2676392844729
1,DD44108397240,4,-1255.8610718300004,-293.0075018085991
2,DD44108397240,6,-1255.8610718300004,-219.19262367153604
3,DD44108397240,8,-1255.8610718300004,-178.3074111765969
4,DD44108397240,10,-1255.8610718300004,-153.51887167333433
5,DD44108397240,12,-1255.8610718300004,-136.05116377803384
6,DD44108397240,14,-1255.8610718300004,-123.9747152658553
7,DD44108397240,16,-1255.8610718300004,-116.93007799623177
8,DD44108397240,18,-1255.8610718300004,-112.16000643607165
9,DD44108397240,20,-1255.8610718300004,-108.41005658932649
0,DD44108398872,2,-490.76885840900246,-3398.0457505362992
1,DD44108398872,4,-490.76885840900246,-3210.4798188894833
2,DD44108398872,6,-490.76885840900246,-3050.889846849271
3,DD44108398872,8,-490.76885840900246,-2918.844180352528
4,DD44108398872,10,-490.76885840900246,-2811.5863936054784
5,DD44108398872,12,-490.76885840900246,-2730.990788436259
6,DD44108398872,14,-490.76885840900246,-2670.1053507017205
7,DD44108398872,16,-490.76885840900246,-2623.8626765287595
8,DD44108398872,18,-490.76885840900246,-2591.1257177371094
9,DD44108398872,20,-490.76885840900246,-2565.681527489652
0,DD44108399262,2,-1461.3292302600025,-90.67654971955507
1,DD44108399262,4,-1461.3292302600025,40.20722925750491
2,DD44108399262,6,-1461.3292302600025,107.32305332267995
3,DD44108399262,8,-1461.3292302600025,133.81147087258495
4,DD44108399262,10,-1461.3292302600025,142.46059935932715
5,DD44108399262,12,-1461.3292302600025,147.38314472757963
6,DD44108399262,14,-1461.3292302600025,150.74063619371637
7,DD44108399262,16,-1461.3292302600025,153.52478387934966
8,DD44108399262,18,-1461.3292302600025,155.59429945893189
9,DD44108399262,20,-1461.3292302600025,157.28114301952135
0,DD44108411547,2,-1658.8441229890032,153.95330131376645
1,DD44108411547,4,-1658.8441229890032,234.17029441461318
2,DD44108411547,6,-1658.8441229890032,263.70762101660137
3,DD44108411547,8,-1658.8441229890032,277.766122487219
4,DD44108411547,10,-1658.8441229890032,284.39305214393335
5,DD44108411547,12,-1658.8441229890032,288.82541164066816
6,DD44108411547,14,-1658.8441229890032,292.38156828139773
7,DD44108411547,16,-1658.8441229890032,295.3477673380514
8,DD44108411547,18,-1658.8441229890032,298.24458290712687
9,DD44108411547,20,-1658.8441229890032,300.2315696854439
0,DD44108624400,2,-1315.1333599300046,1.9412159439044743
1,DD44108624400,4,-1315.1333599300046,84.53029219193917
2,DD44108624400,6,-1315.1333599300046,122.06765564018815
3,DD44108624400,8,-1315.1333599300046,138.23287776096765
4,DD44108624400,10,-1315.1333599300046,144.82358455286
5,DD44108624400,12,-1315.1333599300046,148.0680315860707
6,DD44108624400,14,-1315.1333599300046,150.0526820910545
7,DD44108624400,16,-1315.1333599300046,151.7597747667894
8,DD44108624400,18,-1315.1333599300046,153.4884281923808
9,DD44108624400,20,-1315.1333599300046,154.6101757982966
0,DD44108624580,2,-4893.979720926042,-725.8425705385058
1,DD44108624580,4,-4893.979720926042,-471.311893951063
2,DD44108624580,6,-4893.979720926042,-306.77851172488374
3,DD44108624580,8,-4893.979720926042,-205.7508297994324
4,DD44108624580,10,-4893.979720926042,-136.1670859449185
5,DD44108624580,12,-4893.979720926042,-83.8682501257242
6,DD44108624580,14,-4893.979720926042,-39.44782282094734
7,DD44108624580,16,-4893.979720926042,-1.5232746225798395
8,DD44108624580,18,-4893.979720926042,30.16989737761707
9,DD44108624580,20,-4893.979720926042,57.32973486616662
0,DD44108625545,2,-1241.6582040489664,-299.3390532750236
1,DD44108625545,4,-1241.6582040489664,-181.78786177333689
2,DD44108625545,6,-1241.6582040489664,-104.90809161761375
3,DD44108625545,8,-1241.6582040489664,-59.74467181622165
4,DD44108625545,10,-1241.6582040489664,-35.098040484766415
5,DD44108625545,12,-1241.6582040489664,-21.212817510932698
6,DD44108625545,14,-1241.6582040489664,-11.087650451447418
7,DD44108625545,16,-1241.6582040489664,-3.9525013855786537
8,DD44108625545,18,-1241.6582040489664,1.363185485700715
9,DD44108625545,20,-1241.6582040489664,5.48136184102063
0,DD44108625594,2,-136.62167485199842,-610.7451278870674
1,DD44108625594,4,-136.62167485199842,-555.801707908019
2,DD44108625594,6,-136.62167485199842,-529.5843492323661
3,DD44108625594,8,-136.62167485199842,-518.7812669276465
4,DD44108625594,10,-136.62167485199842,-513.0172889168031
5,DD44108625594,12,-136.62167485199842,-508.8855591419368
6,DD44108625594,14,-136.62167485199842,-505.4799452743309
7,DD44108625594,16,-136.62167485199842,-502.9734565103034
8,DD44108625594,18,-136.62167485199842,-500.9205848990674
9,DD44108625594,20,-136.62167485199842,-499.6411512224668
0,DD44108625704,2,-1930.7699859459426,-41.23376507907403
1,DD44108625704,4,-1930.7699859459426,21.783737536512447
2,DD44108625704,6,-1930.7699859459426,62.28238499104721
3,DD44108625704,8,-1930.7699859459426,90.61480553529142
4,DD44108625704,10,-1930.7699859459426,110.95764346268777
5,DD44108625704,12,-1930.7699859459426,127.61330633101501
6,DD44108625704,14,-1930.7699859459426,139.75186966606597
7,DD44108625704,16,-1930.7699859459426,148.22181919257415
8,DD44108625704,18,-1930.7699859459426,154.39015114192387
9,DD44108625704,20,-1930.7699859459426,159.29944674852447
0,DD44108744903,2,-2393.072577173112,273.74373640285313
1,DD44108744903,4,-2393.072577173112,293.9360694879714
2,DD44108744903,6,-2393.072577173112,305.03851236869093
3,DD44108744903,8,-2393.072577173112,314.32475431058384
4,DD44108744903,10,-2393.072577173112,322.2344548934846
5,DD44108744903,12,-2393.072577173112,329.1450506599631
6,DD44108744903,14,-2393.072577173112,334.64314529889583
7,DD44108744903,16,-2393.072577173112,340.0858192354449
8,DD44108744903,18,-2393.072577173112,344.56257287077267
9,DD44108744903,20,-2393.072577173112,348.3478376801048
0,DD44108746880,2,-2922.947454028983,-1549.4176138094374
1,DD44108746880,4,-2922.947454028983,-1370.882568058552
2,DD44108746880,6,-2922.947454028983,-1242.5382397587841
3,DD44108746880,8,-2922.947454028983,-1136.4709760557103
4,DD44108746880,10,-2922.947454028983,-1051.3846529517734
5,DD44108746880,12,-2922.947454028983,-989.8251341408107
6,DD44108746880,14,-2922.947454028983,-944.8952851682837
7,DD44108746880,16,-2922.947454028983,-909.3825903931913
8,DD44108746880,18,-2922.947454028983,-881.2783133032676
9,DD44108746880,20,-2922.947454028983,-857.2282334468878
0,DD44108746900,2,-1151.9606519280744,-179.04975761436225
1,DD44108746900,4,-1151.9606519280744,-65.32262301507888
2,DD44108746900,6,-1151.9606519280744,-24.468847275556094
3,DD44108746900,8,-1151.9606519280744,-8.520917685492435
4,DD44108746900,10,-1151.9606519280744,3.3291641842237474
5,DD44108746900,12,-1151.9606519280744,13.429986893387483
6,DD44108746900,14,-1151.9606519280744,21.11048357836839
7,DD44108746900,16,-1151.9606519280744,26.981713246962954
8,DD44108746900,18,-1151.9606519280744,31.12303058957266
9,DD44108746900,20,-1151.9606519280744,35.35355143420484
0,DD44108746987,2,-2414.01125483403,-1005.926575583794
1,DD44108746987,4,-2414.01125483403,-745.2292824101622
2,DD44108746987,6,-2414.01125483403,-564.9454634583752
3,DD44108746987,8,-2414.01125483403,-455.39916789689534
4,DD44108746987,10,-2414.01125483403,-396.04927700331183
5,DD44108746987,12,-2414.01125483403,-360.55842967257786
6,DD44108746987,14,-2414.01125483403,-333.4688888161725
7,DD44108746987,16,-2414.01125483403,-311.90256716399847
8,DD44108746987,18,-2414.01125483403,-294.1642229458297
9,DD44108746987,20,-2414.01125483403,-279.56224418050886
0,DD44108747374,2,-2787.760360079984,-448.82695949869736
1,DD44108747374,4,-2787.760360079984,-265.55592830912144
2,DD44108747374,6,-2787.760360079984,-145.94472363321177
3,DD44108747374,8,-2787.760360079984,-67.65673402305745
4,DD44108747374,10,-2787.760360079984,-13.7467875902877
5,DD44108747374,12,-2787.760360079984,22.971668270844674
6,DD44108747374,14,-2787.760360079984,49.36275462275443
7,DD44108747374,16,-2787.760360079984,68.05966350605267
8,DD44108747374,18,-2787.760360079984,83.22880880421923
9,DD44108747374,20,-2787.760360079984,94.68605809845008
0,DD44108747529,2,-1241.7638575080396,-2062.6079416597217
1,DD44108747529,4,-1241.7638575080396,-1983.5293997772296
2,DD44108747529,6,-1241.7638575080396,-1935.9307826792574
3,DD44108747529,8,-1241.7638575080396,-1906.5858090589006
4,DD44108747529,10,-1241.7638575080396,-1887.9136924699371
5,DD44108747529,12,-1241.7638575080396,-1875.4823704546236
6,DD44108747529,14,-1241.7638575080396,-1866.5251554215831
7,DD44108747529,16,-1241.7638575080396,-1859.7055511107417
8,DD44108747529,18,-1241.7638575080396,-1854.563727369032
9,DD44108747529,20,-1241.7638575080396,-1851.289702467999
0,DD44108847037,2,-873.5223537230021,-766.7197131649092
1,DD44108847037,4,-873.5223537230021,-641.0133730572219
2,DD44108847037,6,-873.5223537230021,-542.9737316326291
3,DD44108847037,8,-873.5223537230021,-473.10091692062656
4,DD44108847037,10,-873.5223537230021,-427.82067324597654
5,DD44108847037,12,-873.5223537230021,-401.5350781277444
6,DD44108847037,14,-873.5223537230021,-387.795119208102
7,DD44108847037,16,-873.5223537230021,-379.8107220647287
8,DD44108847037,18,-873.5223537230021,-374.64091594059494
9,DD44108847037,20,-873.5223537230021,-371.017593045641
0,DD44108853265,2,-352.41123560999546,-1769.1451019672893
1,DD44108853265,4,-352.41123560999546,-1659.8524966594503
2,DD44108853265,6,-352.41123560999546,-1579.4957437209557
3,DD44108853265,8,-352.41123560999546,-1518.9056499231988
4,DD44108853265,10,-352.41123560999546,-1476.1876354253056
5,DD44108853265,12,-352.41123560999546,-1446.781871809104
6,DD44108853265,14,-352.41123560999546,-1427.9034383583855
7,DD44108853265,16,-352.41123560999546,-1414.9627921600802
8,DD44108853265,18,-352.41123560999546,-1405.2127974045525
9,DD44108853265,20,-352.41123560999546,-1397.0831861443678
0,DD54108225423,2,-1812.8432944439517,156.6124757676137
1,DD54108225423,4,-1812.8432944439517,256.7251771792976
2,DD54108225423,6,-1812.8432944439517,301.6467452305619
3,DD54108225423,8,-1812.8432944439517,321.1736963862907
4,DD54108225423,10,-1812.8432944439517,329.76604185423435
5,DD54108225423,12,-1812.8432944439517,334.5287038541767
6,DD54108225423,14,-1812.8432944439517,338.04468168264884
7,DD54108225423,16,-1812.8432944439517,341.00634450467703
8,DD54108225423,18,-1812.8432944439517,342.79044792616946
9,DD54108225423,20,-1812.8432944439517,343.8854718022145
